fault,detector,rank,channel,contribution
1,SPE,1,xmeas_4,14.961630961661903
1,SPE,2,xmv_4,8.218707449041196
1,SPE,3,xmeas_38,8.10006324297893
1,SPE,4,xmeas_21,7.292041691499291
1,SPE,5,xmeas_33,3.2483923083168267
1,ridge,1,xmeas_1,10267.497885093022
1,ridge,2,xmv_3,10259.833944849675
1,ridge,3,xmeas_16,155.25691607007226
1,ridge,4,xmeas_19,85.10265256424536
1,ridge,5,xmeas_7,77.01115798370094
2,SPE,1,xmeas_25,3.3505270911824936
2,SPE,2,xmeas_20,3.214737186081399
2,SPE,3,xmeas_4,2.6634572358521904
2,SPE,4,xmeas_23,2.600320496883545
2,SPE,5,xmeas_22,2.4639800475920937
2,ridge,1,xmeas_10,8255.526258740325
2,ridge,2,xmv_6,8151.934233404404
2,ridge,3,xmeas_1,883.4265430496432
2,ridge,4,xmv_3,877.2126391321159
2,ridge,5,xmeas_34,488.9705218928931
4,SPE,1,xmv_10,13.634187118939824
4,SPE,2,xmeas_9,11.691198087669388
4,SPE,3,xmeas_33,0.5036442867538917
4,SPE,4,xmeas_25,0.44262415479650435
4,SPE,5,xmeas_29,0.4266919755901556
4,ridge,1,xmv_10,120.74126015829049
4,ridge,2,xmeas_9,5.64244367308788
4,ridge,3,xmv_3,1.3064734708354984
4,ridge,4,xmeas_1,1.305300396935709
4,ridge,5,xmeas_26,1.1129818673516396
5,SPE,1,xmeas_38,7.597230006762645
5,SPE,2,xmeas_4,2.3921503727997626
5,SPE,3,xmv_4,1.3388889555784163
5,SPE,4,xmeas_11,1.1481337365046291
5,SPE,5,xmeas_33,1.0905434567721393
5,ridge,1,xmeas_1,6050.554032725144
5,ridge,2,xmv_3,6028.181237707614
5,ridge,3,xmeas_10,1449.9723099071452
5,ridge,4,xmv_6,1369.96492157644
5,ridge,5,xmeas_30,179.48228771539468
6,SPE,1,xmv_5,3744.3329491698164
6,SPE,2,xmv_10,1546.8078189029645
6,SPE,3,xmeas_9,1372.1227935876818
6,SPE,4,xmeas_20,594.2521723136089
6,SPE,5,xmeas_1,365.08292619794736
6,ridge,1,xmeas_1,318638.93436504685
6,ridge,2,xmv_3,234049.5425036474
6,ridge,3,xmeas_10,61638.4940685716
6,ridge,4,xmv_6,51690.64010392978
6,ridge,5,xmv_5,42114.67934044246
7,SPE,1,xmeas_4,20.195518228057058
7,SPE,2,xmv_4,10.65539048208011
7,SPE,3,xmeas_38,4.633776434609701
7,SPE,4,xmeas_35,3.1430605356918386
7,SPE,5,xmeas_20,1.7911208982677842
7,ridge,1,xmv_4,153.96732594973872
7,ridge,2,xmeas_18,43.47660399450618
7,ridge,3,xmeas_19,39.76830833167029
7,ridge,4,xmv_3,35.01299432741732
7,ridge,5,xmeas_1,34.93211201416482
8,SPE,1,xmeas_20,5.4105366400888855
8,SPE,2,xmeas_23,5.041821631081506
8,SPE,3,xmeas_38,4.9211112195996
8,SPE,4,xmeas_16,4.047905435731466
8,SPE,5,xmv_5,3.438796717526678
8,ridge,1,xmeas_1,663.243113902008
8,ridge,2,xmv_3,662.2067919942496
8,ridge,3,xmeas_10,308.75967803643977
8,ridge,4,xmv_6,299.90614047860856
8,ridge,5,xmeas_18,55.91300727792996
10,SPE,1,xmeas_18,4.974293249876195
10,SPE,2,xmeas_38,2.5536375806395104
10,SPE,3,xmeas_19,2.503636963054292
10,SPE,4,xmv_9,0.7361042756320366
10,SPE,5,xmeas_33,0.5478913677914297
10,ridge,1,xmeas_18,496.62917281722514
10,ridge,2,xmeas_21,28.202874168191986
10,ridge,3,xmv_9,25.93292150308065
10,ridge,4,xmeas_16,22.028691744183295
10,ridge,5,xmv_3,14.783439253838264
11,SPE,1,xmv_10,16.516111728074673
11,SPE,2,xmeas_9,14.255391711951768
11,SPE,3,xmeas_33,0.5697391354149065
11,SPE,4,xmeas_25,0.5135226457470304
11,SPE,5,xmeas_38,0.47548395224534595
11,ridge,1,xmv_10,196.75108872213815
11,ridge,2,xmeas_9,58.76269406042748
11,ridge,3,xmeas_21,2.6449534597665694
11,ridge,4,xmeas_18,2.2022548299074116
11,ridge,5,xmeas_7,1.780771253330398
12,SPE,1,xmeas_38,13.719324728529205
12,SPE,2,xmeas_4,5.205655994227436
12,SPE,3,xmeas_11,4.775656178131583
12,SPE,4,xmeas_20,3.415444971508358
12,SPE,5,xmv_4,2.844473600081293
12,ridge,1,xmeas_1,687.4695525789712
12,ridge,2,xmv_3,685.4173161242926
12,ridge,3,xmeas_10,156.78942643255016
12,ridge,4,xmv_6,147.07398691970533
12,ridge,5,xmeas_18,129.1430848821469
13,SPE,1,xmeas_38,38.57377582372027
13,SPE,2,xmeas_16,24.852604642394006
13,SPE,3,xmeas_33,15.994797713578528
13,SPE,4,xmeas_7,15.162987559948014
13,SPE,5,xmeas_31,14.656740649729409
13,ridge,1,xmeas_1,395.33025140008283
13,ridge,2,xmv_3,394.87493359766466
13,ridge,3,xmeas_18,273.6971607555227
13,ridge,4,xmeas_19,191.36377067928456
13,ridge,5,xmeas_21,110.1899728623152
14,SPE,1,xmeas_21,49.867265528273116
14,SPE,2,xmeas_2,12.941081006928979
14,SPE,3,xmv_1,12.65411081305291
14,SPE,4,xmeas_22,2.1916386973106876
14,SPE,5,xmeas_11,1.2342326472032348
14,ridge,1,xmeas_21,121.84715352312905
14,ridge,2,xmeas_9,77.19003388499735
14,ridge,3,xmv_10,70.08088885074407
14,ridge,4,xmeas_1,1.608325318460378
14,ridge,5,xmv_3,1.6035394356183241
16,SPE,1,xmv_9,4.9363876031041825
16,SPE,2,xmeas_19,2.01962875070895
16,SPE,3,xmeas_18,1.4845314647470695
16,SPE,4,xmeas_38,1.4208530427533947
16,SPE,5,xmeas_33,0.6227826220904358
16,ridge,1,xmeas_19,271.97774291517175
16,ridge,2,xmeas_18,260.52625807625145
16,ridge,3,xmv_9,80.31367652176918
16,ridge,4,xmv_3,12.600900023404568
16,ridge,5,xmeas_1,11.86468527235901
17,SPE,1,xmeas_21,712.3625221529347
17,SPE,2,xmeas_2,180.23911764336344
17,SPE,3,xmv_1,178.0508993697744
17,SPE,4,xmeas_22,29.74530389647734
17,SPE,5,xmv_10,26.224472351614388
17,ridge,1,xmeas_21,15600.167294514204
17,ridge,2,xmeas_9,610.368023257796
17,ridge,3,xmeas_1,320.8665646785015
17,ridge,4,xmv_3,315.81657545660215
17,ridge,5,xmeas_20,184.8997858653004
18,SPE,1,xmv_5,878.7456616175978
18,SPE,2,xmv_10,360.78252348490696
18,SPE,3,xmeas_9,313.0400907168047
18,SPE,4,xmv_1,193.706263738602
18,SPE,5,xmeas_4,110.0222912102048
18,ridge,1,xmeas_1,27542.477432744556
18,ridge,2,xmv_3,27391.3851414053
18,ridge,3,xmeas_19,11982.186030135384
18,ridge,4,xmeas_10,10326.197084144507
18,ridge,5,xmeas_18,10277.230432918785
19,SPE,1,xmv_5,3.3145134685777715
19,SPE,2,xmeas_38,1.738720217907412
19,SPE,3,xmeas_33,0.9040724117669727
19,SPE,4,xmeas_23,0.8024682811107909
19,SPE,5,xmeas_21,0.7981195403075388
19,ridge,1,xmv_5,20.938922204862923
19,ridge,2,xmeas_19,11.160904583963053
19,ridge,3,xmeas_18,10.905379251559848
19,ridge,4,xmeas_13,6.760075918483715
19,ridge,5,xmeas_20,6.7459204113031
20,SPE,1,xmv_5,32.7406384838646
20,SPE,2,xmeas_20,8.557251822272574
20,SPE,3,xmeas_7,5.0932741408046365
20,SPE,4,xmeas_23,4.182060620452377
20,SPE,5,xmeas_29,3.667003329986034
20,ridge,1,xmeas_13,296.7858338566232
20,ridge,2,xmv_5,187.41946841851203
20,ridge,3,xmeas_20,126.48111598362516
20,ridge,4,xmeas_1,85.65382718711669
20,ridge,5,xmv_3,83.9769356019544
